amount,hour,distance_from_home,merchant_risk,device_trust,international,velocity_24h,account_age_days,is_fraud
45.08,8,12.64,0.14,0.102,0,9,386,0
13.74,17,9.98,0.65,0.545,0,10,1169,0
56.71,4,10.91,0.763,0.102,0,6,1438,0
191.92,17,6.0,0.922,0.079,0,10,1511,1
50.03,7,66.74,0.985,0.855,0,7,1168,0
65.49,11,10.58,0.267,0.937,0,10,2630,0
54.56,12,14.16,0.925,0.688,0,6,259,1
13.51,8,3.08,0.913,0.567,0,4,2714,0
176.02,4,13.85,0.247,0.561,0,10,1784,0
30.33,4,32.06,0.091,0.047,1,3,2817,0
13.08,14,33.89,0.971,0.861,1,2,2822,0
177.85,10,5.32,0.435,0.454,0,5,2080,0
37.06,20,15.95,0.639,0.609,1,3,2239,0
48.53,3,119.09,0.879,0.832,0,1,1016,0
35.8,17,65.33,0.128,0.475,0,5,2191,0
31.75,17,63.34,0.69,0.713,0,6,1824,0
33.31,2,18.57,0.588,0.23,0,2,2929,0
11.54,6,34.87,0.723,0.882,0,4,1967,0
22.2,13,19.68,0.411,0.864,1,2,278,0
6.73,7,9.57,0.536,0.14,0,8,1053,0
59.32,0,156.31,0.926,0.849,0,8,2001,1
31.4,12,0.1,0.39,0.927,0,5,1762,0
172.7,21,57.03,0.155,0.297,0,10,2250,1
27.49,15,31.45,0.853,0.157,0,2,791,1
3.31,18,12.72,0.595,0.619,0,10,2345,0
81.17,22,16.97,0.266,0.131,0,8,1325,0
54.83,3,3.42,0.213,0.265,0,2,1030,0
78.6,20,33.87,0.668,0.555,0,2,580,0
18.18,6,56.9,0.204,0.634,0,8,1058,0
31.37,0,18.26,0.131,0.98,0,8,2289,0
40.45,22,105.42,0.546,0.835,0,3,1790,0
76.43,7,49.47,0.354,0.56,0,10,663,0
23.14,5,95.95,0.025,0.737,0,7,2773,0
67.9,22,5.15,0.872,0.859,0,8,1462,0
63.92,0,48.55,0.398,0.279,1,5,1468,0
87.28,3,94.31,0.261,0.581,0,1,474,0
12.76,13,41.94,0.511,0.385,0,5,211,0
44.69,23,60.11,0.197,0.431,0,6,2582,0
223.82,9,31.84,0.667,0.326,0,9,551,1
53.91,23,104.9,0.616,0.301,0,1,1274,0
28.69,20,17.5,0.442,0.676,0,3,2728,0
38.92,10,4.41,0.952,0.235,0,4,633,1
18.01,2,27.35,0.886,0.576,0,7,2054,1
7.06,3,67.81,0.219,0.804,0,8,235,0
13.48,16,198.63,0.595,0.95,0,10,2976,0
11.62,14,102.38,0.744,0.475,0,4,2641,0
80.29,7,14.45,0.077,0.286,0,6,2242,1
16.03,4,55.15,0.064,0.408,0,7,285,1
10.77,18,131.4,0.02,0.881,0,8,54,0
22.61,13,34.77,0.735,0.8,0,8,928,1
35.37,21,51.15,0.404,0.165,0,3,2578,0
156.65,21,1.24,0.643,0.136,0,1,1095,0
19.6,12,14.67,0.951,0.422,0,8,109,0
23.77,20,1.85,0.031,0.247,0,10,654,1
35.04,6,28.15,0.256,0.369,0,2,700,0
15.65,12,22.74,0.715,0.076,0,4,447,0
14.64,3,71.58,0.566,0.041,0,6,312,1
7.85,15,5.02,0.961,0.636,0,3,1813,0
40.07,19,74.31,0.538,0.483,0,10,1129,1
20.35,14,37.96,0.668,0.336,0,6,774,0
27.51,8,95.53,0.701,0.276,1,4,380,1
26.93,7,52.79,0.646,0.491,0,2,1235,0
54.77,18,20.72,0.553,0.344,0,9,1384,1
33.21,7,5.79,0.193,0.12,0,3,814,0
33.66,16,40.87,0.981,0.833,0,6,764,0
51.8,1,164.75,0.553,0.697,1,8,450,0
44.86,14,18.75,0.965,0.252,0,2,297,0
6.85,1,7.4,0.811,0.949,1,4,515,0
27.04,19,11.51,0.523,0.451,0,10,1786,1
57.52,23,4.7,0.763,0.626,0,2,673,0
40.04,13,26.94,0.594,0.291,0,5,2909,0
16.19,8,69.77,0.625,0.661,0,7,500,0
383.95,4,3.33,0.166,0.308,0,10,1212,1
34.27,12,128.66,0.5,0.494,1,1,1799,0
42.74,7,147.05,0.836,0.575,0,5,2390,1
74.12,20,26.27,0.278,0.997,0,8,403,0
30.06,3,87.75,0.33,0.694,0,7,2283,1
16.39,3,158.07,0.404,0.515,0,9,1922,1
17.92,15,44.19,0.76,0.204,0,5,1824,0
35.77,20,42.24,0.239,0.158,0,9,1701,1
34.34,4,31.05,0.717,0.509,0,8,1964,1
41.32,19,31.94,0.879,0.864,0,7,1422,0
38.97,9,58.27,0.837,0.58,0,3,1859,0
22.11,17,21.31,0.933,0.87,0,4,2372,0
88.33,10,61.44,0.705,0.811,0,3,2058,0
27.87,14,4.73,0.91,0.015,1,3,336,0
102.97,22,22.8,0.08,0.329,0,9,1586,0
189.17,15,92.64,0.036,0.068,0,5,961,0
32.89,20,54.77,0.101,0.166,0,1,218,0
13.34,13,7.08,0.531,0.566,0,3,747,1
151.71,7,30.98,0.583,0.232,0,8,1075,0
108.61,9,50.94,0.158,0.442,0,10,1255,0
31.59,9,10.0,0.385,0.483,0,10,1500,0
17.16,21,67.79,0.974,0.911,0,5,972,0
20.23,19,12.98,0.756,0.767,0,3,2603,0
44.41,14,1.53,0.365,0.131,0,6,1731,1
11.42,11,34.06,0.913,0.83,0,8,1238,0
28.06,2,6.83,0.967,0.86,0,7,2312,1
40.36,21,62.21,0.262,0.381,0,6,473,0
32.81,17,17.89,0.61,0.648,0,8,2901,0
31.33,1,16.33,0.493,0.097,0,3,1621,0
96.34,17,24.45,0.742,0.155,0,2,2034,0
89.02,22,20.83,0.443,0.951,0,2,2838,0
190.41,1,22.85,0.19,0.122,0,8,405,0
61.13,0,2.34,0.334,0.989,0,4,311,0
44.31,7,17.92,0.148,0.901,1,3,562,0
59.68,0,6.36,0.358,0.788,0,1,743,0
14.3,3,61.61,0.476,0.778,0,2,1881,0
38.77,0,2.82,0.479,0.402,0,8,2947,0
43.34,8,44.06,0.585,0.712,0,10,2203,1
37.12,22,5.47,0.655,0.878,0,4,1791,0
20.11,14,22.89,0.73,0.313,0,5,1563,0
61.45,2,80.21,0.093,0.097,0,3,2308,1
167.19,21,5.87,0.354,0.665,0,1,1208,0
21.92,6,7.56,0.482,0.847,0,9,1535,1
24.11,13,83.94,0.975,0.818,0,9,137,0
77.54,0,8.95,0.703,0.309,0,1,773,0
43.01,4,60.79,0.972,0.092,0,7,1749,1
17.71,10,67.49,0.568,0.085,1,3,2560,1
12.24,13,29.92,0.442,0.273,0,2,1443,0
13.69,15,33.68,0.308,0.221,0,1,61,0
62.94,3,0.35,0.747,0.176,0,4,2079,0
53.49,12,89.05,0.042,0.019,0,6,2388,0
24.85,9,5.51,0.021,0.325,0,10,1914,0
71.08,18,23.02,0.079,0.871,0,4,1394,0
6.79,16,32.1,0.906,0.349,0,3,997,1
23.79,4,64.26,0.656,0.177,0,8,1930,0
72.79,18,46.35,0.987,0.323,0,6,648,1
32.36,8,40.28,0.352,0.074,0,1,263,0
15.28,2,42.95,0.507,0.463,0,1,1872,0
41.63,19,29.05,0.151,0.062,1,6,2955,1
45.68,22,25.91,0.439,0.523,1,6,1188,0
127.28,1,70.06,0.647,0.066,1,7,1193,1
43.65,2,39.33,0.141,0.35,0,7,558,0
92.3,12,46.41,0.328,0.128,0,9,412,0
30.72,11,16.62,0.951,0.342,0,4,957,0
17.91,3,31.89,0.54,0.739,0,6,2561,1
29.53,22,66.35,0.809,0.166,0,7,1522,0
18.38,9,62.82,0.784,0.234,0,8,824,1
33.86,12,31.45,0.419,0.162,0,10,596,0
10.41,11,36.39,0.103,0.846,0,5,373,0
14.67,7,76.35,0.885,0.93,0,7,2086,0
30.55,7,1.29,0.931,0.839,0,3,593,1
116.02,4,64.0,0.469,0.615,0,1,1078,0
48.2,9,12.21,0.122,0.238,0,10,1902,1
97.67,17,0.75,0.515,0.242,1,7,36,0
19.14,21,49.65,0.523,0.361,0,9,2108,0
37.02,15,2.0,0.387,0.373,0,6,306,0
91.26,18,59.79,0.333,0.044,0,3,2834,0
79.33,4,2.93,0.776,0.458,0,1,847,0
24.79,12,203.45,0.543,0.253,0,4,1201,1
27.66,11,25.85,0.4,0.44,0,6,795,0
34.89,16,13.96,0.083,0.424,0,3,2264,0
15.45,9,16.47,0.603,0.426,0,6,1861,1
84.22,13,14.44,0.98,0.948,1,7,1518,0
56.48,0,6.93,0.608,0.781,1,2,996,0
26.69,18,1.48,0.153,0.45,0,8,344,0
39.31,20,14.7,0.961,0.026,0,9,1615,0
53.45,19,15.13,0.916,0.491,1,2,1881,1
72.17,9,99.88,0.851,0.712,0,3,1510,0
18.34,4,12.16,0.494,0.361,0,8,2289,1
21.66,15,33.57,0.769,0.823,1,6,2661,1
33.01,4,94.65,0.78,0.64,0,3,1802,0
38.01,5,17.53,0.709,0.346,0,5,353,1
56.74,4,44.14,0.614,0.093,0,10,2408,1
83.81,19,18.54,0.924,0.041,0,2,216,0
62.64,6,65.54,0.417,0.639,0,9,1216,0
24.97,21,23.45,0.454,0.689,1,7,2013,0
27.88,22,17.31,0.988,0.345,0,6,2139,0
22.32,8,26.87,0.141,0.051,0,10,1742,1
68.99,10,122.15,0.721,0.19,1,9,1942,1
136.02,7,10.9,0.353,0.051,0,8,1200,0
89.09,8,58.51,0.764,0.366,0,10,2331,1
39.8,16,26.93,0.55,0.825,0,10,516,1
14.32,10,36.72,0.366,0.144,0,7,2078,1
92.03,4,41.94,0.516,0.328,0,3,1639,0
60.22,10,31.85,0.51,0.49,0,8,98,0
66.72,23,92.54,0.629,0.597,0,10,2395,1
10.39,16,44.62,0.62,0.841,1,4,159,0
52.53,14,16.94,0.151,0.691,0,10,1961,0
52.81,4,32.91,0.561,0.998,0,7,1315,0
32.27,17,19.68,0.772,0.721,0,5,2528,0
92.29,9,11.46,0.973,0.298,0,4,2857,0
24.3,23,14.38,0.122,0.677,0,7,1443,0
68.44,9,139.86,0.079,0.924,0,8,906,0
84.77,22,14.26,0.109,0.741,0,1,2773,0
21.73,3,24.0,0.717,0.101,0,1,2284,0
8.7,15,29.21,0.199,0.964,0,1,396,0
8.21,1,110.0,0.175,0.882,0,1,1656,0
5.92,9,94.21,0.009,0.568,1,6,1195,0
56.44,4,85.69,0.468,0.193,1,3,1909,0
26.13,21,63.71,0.175,0.856,0,7,2140,0
31.19,4,29.21,0.936,0.007,0,8,1123,0
12.91,0,13.64,0.36,0.236,0,8,1286,1
78.89,9,20.62,0.221,0.957,0,8,2511,0
243.53,6,64.57,0.68,0.596,0,9,1859,0
3.2,3,2.87,0.548,0.505,0,3,703,0
37.85,6,56.79,0.489,0.899,0,1,1887,0
27.58,17,27.93,0.807,0.723,0,1,922,0
13.31,2,35.06,0.06,0.894,0,8,159,0
21.33,20,172.44,0.646,0.42,0,7,1867,0
94.63,21,149.77,0.875,0.133,0,2,761,0
30.61,7,81.03,0.756,0.978,0,9,1767,0
68.49,11,7.59,0.188,0.875,0,1,2734,0
59.18,1,12.63,0.044,0.439,0,1,603,0
6.9,23,38.62,0.577,0.773,0,4,1266,0
30.76,17,133.5,0.88,0.912,0,7,2306,0
117.5,10,53.63,0.408,0.3,0,9,1969,1
13.93,1,37.19,0.968,0.557,1,4,1074,1
54.85,8,21.31,0.605,0.04,1,10,2996,0
21.72,10,16.26,0.909,0.212,0,2,1991,0
95.87,12,111.0,0.552,0.776,0,9,2687,0
17.93,15,28.23,0.803,0.722,0,6,862,0
27.47,7,60.84,0.016,0.553,0,7,1239,1
24.53,7,31.13,0.655,0.685,0,8,2993,0
36.0,11,8.35,0.72,0.488,0,9,2658,0
45.47,2,130.67,0.668,0.764,0,4,308,0
22.56,21,122.25,0.913,0.659,1,9,2289,1
39.37,16,75.49,0.674,0.806,0,2,424,0
13.55,8,75.99,0.267,0.397,0,7,1910,0
213.59,20,215.48,0.65,0.032,0,7,2293,1
71.6,2,31.18,0.434,0.784,0,2,2193,0
69.91,8,2.15,0.074,0.926,0,10,2725,1
91.11,6,39.8,0.752,0.713,0,2,1255,0
7.67,10,21.79,0.74,0.79,0,2,2081,0
28.53,7,82.09,0.341,0.769,0,7,1366,1
35.83,12,25.44,0.68,0.661,1,10,1239,0
51.34,4,21.51,0.784,0.154,0,6,466,1
117.13,8,4.85,0.087,0.431,0,9,1701,1
9.56,19,41.01,0.324,0.385,0,7,376,0
16.72,21,21.56,0.139,0.301,0,2,714,0
29.28,2,20.16,0.944,0.721,0,10,830,1
14.01,12,73.35,0.33,0.335,0,10,587,1
59.97,15,16.97,0.965,0.969,0,8,2388,0
25.72,12,20.44,0.932,0.2,0,3,2822,0
82.87,9,80.08,0.069,0.848,0,8,600,0
12.16,22,24.76,0.377,0.449,0,10,1671,0
32.34,11,54.42,0.812,0.594,0,2,1046,0
20.11,1,37.27,0.645,0.647,0,6,1793,1
17.25,23,32.92,0.581,0.575,0,7,1926,0
47.4,11,273.42,0.483,0.295,0,2,505,0
61.25,10,27.34,0.207,0.483,0,8,2987,0
25.09,22,5.5,0.849,0.648,0,3,1029,0
40.98,13,143.15,0.232,0.405,0,7,1650,1
45.03,18,25.26,0.004,0.215,0,2,2394,0
71.32,10,9.88,0.114,0.671,0,6,2475,0
30.66,11,84.05,0.617,0.814,0,5,2546,0
52.74,7,16.4,0.183,0.693,0,7,2472,0
29.72,20,34.69,0.919,0.931,0,3,2035,0
133.59,0,29.83,0.195,0.384,0,8,1705,0
16.97,15,8.24,0.565,0.796,0,1,1155,0
8.98,18,61.06,0.766,0.55,1,2,1127,0
77.06,1,64.22,0.441,0.219,0,4,1249,0
14.51,2,26.02,0.994,0.776,0,10,2852,1
84.51,5,43.09,0.785,0.814,0,10,1466,1
43.37,22,15.58,0.573,0.952,0,2,585,0
10.33,7,64.5,0.676,0.489,0,5,2601,0
30.23,2,23.2,0.75,0.695,0,8,2029,1
129.18,14,45.33,0.697,0.85,0,7,922,0
93.45,10,79.3,0.338,0.578,0,8,1437,0
112.93,0,5.97,0.858,0.441,1,7,858,0
3.67,8,4.41,0.36,0.082,0,3,242,0
14.24,7,25.23,0.091,0.095,0,2,573,0
38.52,0,53.52,0.817,0.988,0,3,1986,1
19.43,3,4.9,0.368,0.299,0,3,2657,0
12.07,0,42.41,0.164,0.351,0,3,1716,0
32.87,3,6.79,0.123,0.73,0,7,1318,0
13.0,7,36.27,0.6,0.608,0,1,2726,0
12.27,6,62.0,0.296,0.055,0,4,2057,0
12.89,2,33.81,0.978,0.987,0,3,1614,0
42.83,21,8.54,0.471,0.987,1,10,306,1
108.5,9,44.57,0.501,0.415,0,2,2653,0
46.26,9,3.7,0.921,0.974,1,6,1630,0
109.53,20,3.08,0.699,0.73,0,1,1031,0
30.73,19,2.55,0.666,0.658,0,1,2929,0
23.03,23,13.5,0.372,0.75,0,2,150,0
29.48,8,56.07,0.577,0.077,0,6,257,0
42.7,8,66.79,0.894,0.674,1,9,40,1
73.74,15,20.36,0.92,0.179,0,1,2294,0
90.6,7,17.47,0.416,0.72,0,2,2371,0
37.73,5,11.36,0.516,0.046,0,8,1186,0
27.05,14,0.36,0.201,0.564,0,10,1023,0
47.65,6,59.33,0.547,0.796,1,7,127,1
9.06,0,135.71,0.001,0.657,0,5,455,1
123.25,1,161.81,0.142,0.28,1,4,2158,1
106.18,23,3.99,0.096,0.134,0,2,2454,0
2.59,7,15.52,0.851,0.926,0,6,1332,0
32.88,3,34.55,0.965,0.208,0,5,521,1
69.73,22,53.71,0.04,0.836,0,2,2942,0
23.75,21,15.98,0.82,0.174,0,8,2307,0
18.58,4,5.83,0.062,0.781,0,4,1670,0
62.47,18,39.7,0.917,0.075,0,4,2675,0
75.07,1,128.35,0.051,0.924,0,7,2062,1
50.55,6,107.52,0.275,0.446,1,10,2566,0
56.18,17,29.34,0.088,0.383,0,9,1050,0
23.31,15,18.97,0.566,0.322,0,1,1336,0
6.89,15,33.92,0.767,1.0,0,2,1045,0
5.74,23,2.59,0.996,0.219,0,7,1483,0
20.84,23,53.82,0.914,0.028,0,10,2338,1
39.43,1,4.26,0.233,0.219,0,1,1388,0
22.18,22,8.79,0.802,0.868,1,3,2432,0
38.88,2,21.05,0.942,0.396,1,5,1351,1
47.63,17,53.22,0.929,0.787,0,10,748,1
59.36,5,58.73,0.949,0.949,0,10,162,1
9.15,19,11.23,0.566,0.937,1,2,1004,0
17.75,2,77.58,0.67,0.729,0,1,1116,0
56.47,3,57.35,0.048,0.438,0,3,1725,0
24.79,3,79.42,0.789,0.578,0,4,696,0
15.25,12,7.89,0.075,0.942,0,6,2463,0
27.41,19,99.23,0.157,0.101,0,4,1706,0
121.4,8,48.63,0.297,0.096,0,9,2040,1
25.67,9,78.15,0.625,0.48,1,4,729,0
137.2,3,16.59,0.397,0.489,0,2,2659,0
25.96,8,26.07,0.263,0.837,0,3,2882,0
14.58,17,24.05,0.756,0.228,1,7,2170,1
54.0,15,38.26,0.236,0.299,0,1,2086,0
38.75,19,7.18,0.949,0.449,0,3,897,0
14.22,21,25.72,0.997,0.627,0,5,1339,0
27.92,10,87.4,0.52,0.917,1,10,2436,0
29.96,4,37.62,0.583,0.965,1,2,2334,0
13.51,18,42.25,0.037,0.275,1,10,2818,0
26.52,23,29.01,0.269,0.372,0,5,1303,0
35.16,3,161.71,0.228,0.3,0,6,1133,0
43.3,14,10.69,0.824,0.741,0,6,260,0
17.78,16,23.24,0.781,0.524,0,3,819,0
28.38,11,78.05,0.505,0.635,1,1,1020,0
43.24,15,39.78,0.35,0.164,0,2,1197,1
61.52,7,46.91,0.678,0.269,0,1,2824,1
200.68,19,72.62,0.224,0.608,0,5,1765,0
94.41,6,28.29,0.677,0.824,0,2,60,0
165.78,11,37.09,0.594,0.283,0,8,291,1
22.58,8,13.62,0.711,0.892,0,3,2148,0
110.21,21,17.33,0.14,0.025,0,5,1092,0
21.58,18,55.41,0.572,0.19,0,4,2841,0
60.87,5,82.65,0.876,0.181,1,3,1089,0
98.02,21,103.43,0.654,0.222,0,5,1752,0
26.24,9,28.04,0.118,0.054,0,10,2572,1
114.07,21,21.63,0.298,0.054,0,3,850,0
69.74,2,30.09,0.631,0.177,0,1,1881,1
57.86,5,30.26,0.764,0.088,0,7,1682,1
35.41,17,10.01,0.373,0.014,0,9,810,1
26.97,16,39.98,0.167,0.824,0,5,1897,0
45.25,21,242.89,0.343,0.901,0,4,705,0
101.71,7,11.43,0.985,0.211,1,9,722,1
160.92,12,94.13,0.256,0.535,1,1,2741,0
13.35,3,35.66,0.474,0.153,0,1,1263,0
10.88,19,41.87,0.137,0.831,1,10,512,1
83.66,19,10.03,0.263,0.523,0,7,1239,1
80.08,22,121.72,0.331,0.003,0,2,2381,0
38.93,3,105.82,0.644,0.457,0,5,1931,1
81.68,21,16.87,0.739,0.095,0,1,69,0
48.77,11,101.22,0.955,0.268,0,6,1433,1
21.29,15,72.4,0.649,0.797,1,1,682,1
116.65,18,51.05,0.181,0.38,0,1,2833,0
34.88,13,26.15,0.063,0.655,1,9,2391,0
113.46,22,54.27,0.095,0.662,0,6,2748,0
12.9,17,100.18,0.613,0.012,0,9,1952,0
36.02,8,2.32,0.223,0.643,0,4,352,0
81.12,15,26.66,0.119,0.497,0,2,1682,0
8.11,19,45.67,0.89,0.562,0,8,1426,1
15.86,14,18.15,0.767,0.6,0,6,2962,0
6.55,0,18.79,0.83,0.964,0,9,1561,0
5.74,23,23.68,0.254,0.196,1,7,913,0
155.86,3,63.69,0.047,0.633,0,2,1875,0
47.59,15,0.2,0.736,0.553,0,10,2008,0
51.34,4,4.92,0.658,0.606,0,7,1744,0
128.24,4,6.69,0.603,0.886,0,9,1315,0
11.47,9,52.21,0.921,0.133,0,3,2093,0
72.9,11,37.18,0.583,0.943,0,9,1201,0
32.63,3,1.15,0.145,0.67,0,3,1203,0
61.62,17,1.48,0.814,0.102,0,9,948,0
41.15,22,15.26,0.664,0.926,0,6,2291,1
57.16,14,79.73,0.911,0.705,0,10,2268,0
7.32,6,15.68,0.177,0.683,0,3,2134,0
14.45,8,6.27,0.584,0.255,0,3,193,1
27.87,20,43.02,0.662,0.491,0,6,328,0
26.04,5,33.09,0.786,0.159,0,7,406,1
192.6,10,20.14,0.218,0.753,0,9,2689,1
57.08,20,42.8,0.621,0.959,0,6,1592,0
105.28,17,57.93,0.025,0.517,0,9,2113,0
14.55,3,8.24,0.956,0.538,1,2,893,0
32.35,17,79.41,0.879,0.741,0,2,2840,0
33.48,2,3.42,0.178,0.252,1,4,1089,0
32.47,10,0.77,0.673,0.535,0,10,289,0
55.55,2,19.92,0.503,0.29,0,10,384,1
100.07,21,1.41,0.156,0.22,0,9,1238,0
7.33,23,46.98,0.957,0.011,0,3,534,1
43.6,17,132.17,0.305,0.748,0,6,897,0
56.63,5,9.15,0.617,0.253,1,10,252,0
32.28,9,50.12,0.251,0.197,0,6,1492,1
47.08,19,3.26,0.193,0.486,0,5,2870,0
42.54,10,143.37,0.169,0.313,0,7,1163,0
102.09,11,67.08,0.487,0.109,0,2,1179,0
11.73,8,59.51,0.627,0.727,0,9,2617,1
44.73,18,10.77,0.037,0.261,0,9,1963,0
15.75,18,59.46,0.291,0.465,0,7,1520,0
174.24,19,51.86,0.757,0.14,1,10,2347,1
35.25,7,64.5,0.232,0.264,0,4,2151,0
24.99,14,96.0,0.04,0.649,1,9,2625,0
71.01,17,38.0,0.377,0.379,0,2,2146,0
17.27,11,30.02,0.482,0.604,0,3,1831,0
21.82,11,41.46,0.817,0.661,0,6,2980,1
59.77,18,7.91,0.833,0.022,1,10,2456,1
44.55,18,7.15,0.166,0.922,0,7,2484,0
190.91,23,48.78,0.283,0.086,0,8,2002,1
122.35,18,77.28,0.182,0.66,0,6,1887,0
13.31,4,5.17,0.202,0.86,0,7,642,0
120.37,17,31.49,0.118,0.482,1,10,2238,0
57.7,11,93.51,0.698,0.429,0,8,1591,1
116.74,13,6.47,0.477,0.233,0,5,2480,0
31.05,22,61.25,0.007,0.523,0,7,2711,0
77.52,3,7.57,0.652,0.254,0,7,2342,1
13.14,6,23.99,0.784,0.482,0,9,2011,1
23.81,22,22.85,0.138,0.864,1,4,1859,0
38.74,17,42.84,0.685,0.052,0,1,403,0
33.0,2,2.98,0.222,0.08,1,7,1671,0
40.7,19,2.66,0.774,0.175,0,1,856,0
134.77,6,1.54,0.6,0.516,0,3,2790,1
68.75,12,23.4,0.2,0.015,0,2,2281,0
15.99,6,27.29,0.404,0.005,0,9,466,0
36.86,3,73.09,0.957,0.876,0,10,1054,0
185.52,14,51.5,0.897,0.862,0,5,306,0
62.8,22,11.76,0.316,0.955,0,1,2900,0
24.42,21,62.17,0.342,0.555,0,6,1478,0
41.74,23,51.71,0.91,0.499,0,4,1117,1
20.54,19,19.8,0.779,0.12,1,8,2544,1
82.03,10,30.51,0.985,0.897,0,8,779,0
85.02,7,62.41,0.128,0.526,0,9,163,0
22.33,5,27.5,0.12,0.518,0,1,78,0
30.1,11,42.69,0.26,0.549,0,8,2541,0
16.44,13,54.29,0.372,0.854,0,3,2370,0
42.24,3,57.41,0.804,0.555,0,4,627,0
70.81,0,8.74,0.5,0.996,0,9,2217,0
66.32,17,88.0,0.048,0.099,0,4,1071,0
51.64,10,13.54,0.36,0.557,0,6,111,0
18.58,19,9.98,0.576,0.649,0,5,1484,0
39.16,14,99.18,0.381,0.287,0,3,716,0
107.86,19,38.15,0.849,0.071,0,4,1314,1
24.16,20,22.65,0.888,0.781,0,10,2163,0
31.38,0,6.01,0.235,0.252,0,2,892,1
124.32,0,66.32,0.524,0.996,1,10,666,1
102.66,7,12.79,0.284,0.626,1,3,147,1
3.11,15,28.33,0.871,0.935,0,3,2887,0
46.7,23,45.46,0.564,0.523,0,5,1452,0
23.64,9,20.49,0.26,0.304,1,3,1438,0
43.12,15,132.15,0.477,0.009,0,5,2475,1
11.62,13,96.23,0.437,0.25,0,7,1579,1
7.12,16,65.08,0.91,0.808,0,5,2686,0
78.81,2,9.06,0.29,0.637,0,5,2899,0
8.92,5,161.44,0.282,0.125,0,1,983,1
21.27,15,278.84,0.464,0.791,0,3,259,0
25.96,5,9.6,0.842,0.817,0,2,2957,0
74.44,23,234.43,0.199,0.735,1,4,1966,0
5.86,23,124.71,0.521,0.253,0,4,1506,0
72.09,3,12.11,0.434,0.015,0,10,520,1
53.64,22,40.81,0.371,0.089,1,2,2839,0
44.44,20,7.52,0.536,0.107,0,6,2317,0
250.82,14,59.45,0.021,0.378,0,5,191,0
32.16,22,30.31,0.567,0.544,0,8,1157,0
102.71,5,3.21,0.155,0.296,0,6,1889,1
50.61,5,96.53,0.62,0.364,0,6,2983,1
8.78,17,7.53,0.283,0.41,0,2,2173,0
18.01,1,38.08,0.836,0.658,0,10,1078,1
8.64,0,119.8,0.209,0.491,0,2,1947,0
8.59,13,77.68,0.794,0.058,0,9,196,0
15.45,3,58.12,0.532,0.189,0,4,2364,0
5.66,13,61.69,0.766,0.577,0,7,456,1
16.8,10,48.22,0.534,0.6,0,6,2283,0
24.36,20,25.34,0.726,0.608,0,4,1566,0
84.19,14,26.7,0.397,0.726,0,10,96,0
25.17,10,0.99,0.822,0.69,0,9,2124,0
12.86,4,13.85,0.89,0.25,0,5,406,0
41.62,2,57.86,0.793,0.173,0,10,420,1
12.41,18,21.62,0.78,0.922,0,7,1736,0
44.87,16,1.89,0.54,0.15,0,4,657,1
63.83,14,62.9,0.575,0.09,0,7,636,1
8.84,1,35.75,0.263,0.399,0,3,582,0
17.67,18,9.82,0.616,0.736,0,2,1120,0
30.84,10,19.01,0.655,0.77,0,6,2554,0
118.13,14,2.07,0.818,0.2,0,2,490,0
13.62,4,91.38,0.82,0.014,0,2,1279,1
39.24,16,62.45,0.549,0.623,0,1,1572,0
46.96,5,2.79,0.201,0.697,0,8,2711,0
29.12,9,90.92,0.649,0.231,0,2,1322,0
42.75,6,31.25,0.458,0.926,1,4,2198,0
34.56,0,19.16,0.352,0.625,0,9,1159,0
165.99,0,129.82,0.949,0.226,0,7,2720,1
73.66,21,42.66,0.626,0.227,0,3,1776,0
89.19,17,6.36,0.652,0.581,0,4,595,0
68.59,4,25.3,0.909,0.77,0,10,677,1
186.19,3,9.16,0.84,0.146,1,6,1725,0
11.86,20,121.81,0.274,0.779,1,3,137,0
45.73,18,42.65,0.596,0.231,1,2,2848,0
32.14,5,86.01,0.491,0.138,0,1,1703,0
22.37,6,63.81,0.066,0.927,0,10,2036,0
22.83,19,59.82,0.38,0.313,0,10,2462,0
73.47,1,33.09,0.452,0.827,1,4,2154,0
18.19,1,9.47,0.44,0.884,0,5,1919,1
31.5,2,57.71,0.113,0.779,0,9,584,0
28.11,14,40.16,0.713,0.202,0,5,1357,0
52.63,3,55.12,0.634,0.085,0,9,2537,0
27.51,5,109.5,0.565,0.66,1,3,762,0
14.22,23,65.87,0.446,0.626,1,3,860,1
36.35,0,42.14,0.493,0.217,0,8,1709,1
79.2,20,36.69,0.825,0.049,1,6,180,1
45.84,2,2.26,0.417,0.178,0,10,2737,0
70.18,5,152.55,0.749,0.36,1,5,1352,1
30.29,13,83.41,0.065,0.471,1,5,1378,0
41.19,19,2.7,0.571,0.979,0,2,2011,0
75.29,22,15.23,0.609,0.316,0,10,1479,0
50.95,23,44.97,0.493,0.18,0,5,822,1
30.32,17,73.81,0.212,0.641,0,5,307,0
37.13,0,5.44,0.333,0.396,0,1,749,0
34.54,1,46.69,0.481,0.627,0,9,1402,1
9.47,18,58.09,0.316,0.536,0,6,1478,1
25.14,17,83.15,0.571,0.39,0,5,2918,0
55.7,2,30.93,0.238,0.452,0,4,2180,0
33.65,15,105.9,0.154,0.34,0,9,1301,0
49.26,23,1.68,0.388,0.865,1,5,210,0
42.55,14,99.0,0.103,0.766,0,1,2395,0
47.29,6,9.62,0.277,0.319,0,2,1146,0
52.93,6,35.19,0.549,0.271,0,5,2381,0
7.27,10,35.0,0.051,0.029,0,1,463,0
13.57,22,40.8,0.593,0.836,0,10,1486,1
183.52,21,74.57,0.079,0.923,0,10,569,1
158.03,3,27.36,0.684,0.71,0,4,946,1
79.65,11,22.4,0.7,0.665,0,6,1886,0
29.91,9,65.73,0.604,0.127,1,2,1364,0
14.93,14,23.05,0.413,0.621,0,8,1602,1
9.11,13,69.03,0.435,0.787,0,4,738,0
45.18,18,40.79,0.325,0.098,0,5,1692,1
69.2,15,46.6,0.061,0.218,1,10,2635,0
110.55,14,34.1,0.39,0.578,0,6,1257,0
87.04,13,56.93,0.915,0.99,0,10,2120,0
16.95,11,104.1,0.968,0.001,0,6,479,0
73.5,22,40.14,0.625,0.712,0,7,2262,1
21.05,17,21.85,0.924,0.84,1,3,580,1
47.12,15,48.27,0.975,0.136,1,7,1897,0
50.88,13,36.14,0.45,0.355,0,10,60,0
70.99,16,14.12,0.927,0.576,1,1,2357,0
23.18,22,3.76,0.73,0.526,0,5,1934,0
39.94,7,28.78,0.742,0.96,1,9,2404,1
13.55,0,28.47,0.513,0.469,0,7,1475,0
67.48,1,53.44,0.598,0.304,0,5,281,0
47.79,21,208.91,0.809,0.624,0,2,549,0
74.41,4,43.05,0.275,0.257,0,10,745,0
101.73,11,74.22,0.261,0.701,0,9,165,0
14.57,12,12.23,0.44,0.638,0,6,252,0
55.78,5,28.06,0.476,0.476,0,9,987,1
64.76,4,34.02,0.435,0.289,0,7,2809,1
99.45,3,112.39,0.637,0.956,0,5,1402,1
66.16,18,22.33,0.773,0.749,0,10,828,0
27.87,21,26.57,0.219,0.283,0,1,2567,0
72.95,3,4.07,0.605,0.376,0,10,786,0
53.63,14,48.61,0.076,0.453,0,7,2865,0
65.47,5,68.29,0.277,0.062,0,1,1087,0
19.82,15,174.76,0.201,0.393,0,2,619,0
28.23,3,109.68,0.715,0.103,1,10,1056,1
9.05,20,46.02,0.933,0.665,0,6,1632,0
53.16,15,29.27,0.404,0.728,0,2,2242,0
21.28,15,5.81,0.535,0.992,0,5,1670,1
9.6,10,3.77,0.46,0.767,0,3,2301,1
29.7,22,22.25,0.107,0.689,0,8,806,1
7.41,18,12.26,0.389,0.793,0,8,2217,0
12.59,10,69.76,0.043,0.118,0,9,1907,0
117.31,23,38.97,0.925,0.037,1,1,1960,0
45.97,20,6.29,0.172,0.05,0,2,1898,0
61.72,19,72.24,0.221,0.804,0,7,1358,1
66.1,10,81.47,0.793,0.764,0,6,288,1
14.96,22,20.79,0.165,0.244,0,3,439,0
49.85,5,0.71,0.487,0.006,0,2,2924,0
96.2,15,53.05,0.206,0.64,0,7,1009,0
43.27,5,56.84,0.612,0.088,0,5,1454,1
40.62,16,169.35,0.619,0.863,0,9,928,0
46.2,1,9.69,0.797,0.685,0,8,2067,1
47.43,20,20.38,0.21,0.251,0,8,207,1
8.93,5,69.27,0.485,0.116,0,8,2457,1
22.95,10,11.77,0.11,0.228,0,7,849,0
16.95,15,2.51,0.436,0.216,0,3,1616,0
33.9,11,167.01,0.202,0.127,0,1,1179,1
94.36,5,64.28,0.22,0.295,1,10,726,1
40.44,13,87.51,0.489,0.996,0,8,1173,1
16.07,7,17.84,0.579,0.892,0,3,2379,0
32.28,15,59.5,0.504,0.426,0,2,1883,0
58.83,6,6.41,0.296,0.648,1,8,2770,0
294.89,23,39.43,0.976,0.464,1,7,787,0
25.72,20,0.06,0.627,0.385,0,9,163,1
124.12,19,35.18,0.794,0.788,1,6,254,0
93.69,1,5.29,0.366,0.619,0,3,2684,0
23.81,15,60.17,0.752,0.871,0,4,1342,0
12.67,8,2.52,0.373,0.452,0,2,1955,0
63.85,9,27.06,0.368,0.673,0,2,801,0
34.23,5,15.31,0.957,0.109,0,3,2062,1
11.1,21,35.08,0.132,0.347,0,1,1224,0
101.16,10,23.87,0.343,0.646,0,10,2757,0
89.9,9,37.69,0.898,0.306,0,4,2013,0
4.95,4,19.6,0.456,0.166,0,9,1198,1
7.23,21,71.19,0.161,0.117,0,10,548,1
28.82,22,1.59,0.317,0.344,0,9,695,0
41.96,20,55.0,0.474,0.29,0,10,2761,1
101.65,14,18.61,0.112,0.479,1,9,508,1
14.86,14,19.9,0.326,0.608,0,9,939,0
59.4,2,34.79,0.445,0.672,1,9,1645,1
18.67,1,107.59,0.361,0.148,0,6,1611,1
22.55,14,93.32,0.088,0.728,0,7,1842,0
12.52,4,81.22,0.598,0.144,0,9,1403,1
13.25,8,24.09,0.556,0.71,0,3,846,0
24.87,1,77.87,0.302,0.585,0,8,949,1
32.6,9,24.29,0.492,0.688,0,2,1165,0
24.83,13,91.24,0.628,0.476,0,2,1558,0
74.39,5,39.22,0.146,0.461,0,6,698,1
20.98,11,2.25,0.292,0.639,1,4,2602,0
60.32,21,72.4,0.271,0.698,0,9,2405,0
20.05,9,21.01,0.485,0.34,0,2,922,0
22.17,17,42.77,0.831,0.526,0,9,2906,0
12.89,2,5.58,0.131,0.017,0,6,599,0
150.27,10,8.5,0.305,0.744,1,3,2873,0
23.2,4,178.61,0.425,0.763,1,1,2013,0
88.09,1,28.49,0.909,0.043,0,1,425,0
79.12,6,9.19,0.352,0.091,0,5,2404,0
13.58,23,42.71,0.505,0.068,0,1,2196,0
19.56,17,0.2,0.725,0.924,0,8,1531,0
8.97,3,8.98,0.355,0.38,0,4,1699,1
133.65,17,57.63,0.082,0.494,0,8,2489,0
203.65,7,36.33,0.291,0.855,0,2,1978,0
79.4,12,25.94,0.659,0.085,1,7,2876,0
104.35,19,83.61,0.404,0.233,0,8,1170,0
95.05,20,129.09,0.356,0.667,0,8,2124,1
56.72,8,30.24,0.231,0.942,1,1,309,0
45.91,9,43.77,0.096,0.077,0,8,1938,1
58.19,8,35.18,0.809,0.541,1,1,1792,0
13.33,12,26.3,0.036,0.177,0,5,2922,0
31.59,12,30.08,0.109,0.675,0,9,2373,0
40.76,1,22.35,0.495,0.971,0,6,1195,0
77.83,23,39.46,0.765,0.625,0,7,1443,0
31.94,7,12.8,0.648,0.593,0,2,1278,0
12.89,1,27.8,0.863,0.568,0,5,113,0
27.32,18,4.63,0.488,0.691,0,8,2089,0
49.05,9,20.32,0.436,0.497,0,2,2224,0
22.48,18,23.14,0.226,0.743,1,10,418,0
17.08,16,29.02,0.21,0.796,0,5,2097,0
29.59,6,24.07,0.251,0.515,0,9,769,0
53.8,5,38.7,0.213,0.962,0,8,1127,0
41.42,13,122.75,0.727,0.06,0,8,635,1
169.46,13,23.76,0.86,0.911,0,7,1123,0
48.74,19,12.12,0.238,0.15,1,5,1931,0
126.41,1,10.15,0.273,0.029,0,5,2727,0
45.59,23,29.94,0.02,0.86,1,10,1250,0
98.01,11,50.12,0.886,0.397,0,3,996,1
44.13,16,13.05,0.885,0.238,1,6,1378,0
217.4,23,12.11,0.423,0.144,0,5,1830,0
43.06,3,17.12,0.424,0.683,0,3,1516,0
27.69,20,153.24,0.606,0.841,0,1,2859,0
51.16,12,16.65,0.958,0.363,0,2,2220,0
85.87,12,118.09,0.918,0.301,0,4,1248,1
179.31,20,23.46,0.034,0.866,0,8,1959,0
92.95,13,94.21,0.82,0.824,0,9,301,1
81.3,23,17.8,0.695,0.762,0,3,2611,0
19.5,18,3.86,0.158,0.516,0,3,2463,0
68.51,15,93.04,0.134,0.173,0,6,1184,1
31.42,12,130.32,0.884,0.224,0,9,2680,1
23.71,14,9.94,0.701,0.169,0,7,2489,1
14.18,18,5.62,0.719,0.435,0,8,2789,0
22.11,8,15.28,0.494,0.13,0,10,912,0
13.73,13,8.95,0.792,0.029,0,4,2560,0
15.18,20,27.58,0.01,0.133,0,7,2843,0
27.26,19,13.32,0.095,0.059,0,4,1958,0
14.23,9,170.79,0.671,0.132,0,1,2407,1
14.17,10,94.63,0.132,0.317,0,3,1096,1
73.01,8,32.75,0.436,0.165,0,8,649,0
199.74,14,2.46,0.149,0.23,1,5,699,0
17.83,15,27.54,0.112,0.72,1,6,413,0
5.43,23,31.98,0.273,0.891,0,10,46,0
43.68,2,12.72,0.498,0.094,0,5,2820,0
15.18,3,81.62,0.154,0.081,0,8,1889,0
13.69,10,157.45,0.656,0.951,0,10,559,1
27.85,2,35.65,0.602,0.093,0,4,1663,1
67.61,12,15.09,0.753,0.654,1,8,1800,0
46.32,3,80.28,0.513,0.49,0,8,1129,0
23.09,11,42.82,0.434,0.426,1,6,1928,0
77.61,15,33.72,0.647,0.084,0,2,1986,0
24.84,13,15.76,0.048,0.077,1,2,2121,0
6.4,18,75.41,0.355,0.586,0,1,496,0
28.41,12,2.08,0.416,0.704,0,8,2775,0
72.35,5,10.67,0.078,0.982,0,2,1806,0
14.65,22,23.37,0.658,0.744,0,5,2563,0
63.45,22,50.59,0.805,0.088,1,4,488,0
52.05,0,10.56,0.649,0.65,0,9,811,1
58.07,13,0.99,0.166,0.152,0,8,1961,1
33.21,9,37.92,0.834,0.051,1,7,1732,0
86.09,17,312.05,0.037,0.4,0,10,2809,0
73.55,1,33.81,0.422,0.316,1,7,1968,1
60.68,14,53.81,0.021,0.288,0,6,1824,0
20.3,22,48.15,0.131,0.293,0,7,2787,0
24.87,5,43.76,0.282,0.749,0,3,739,0
43.45,13,128.95,0.494,0.235,0,1,1499,0
28.57,16,1.46,0.064,0.431,0,2,2331,0
21.43,11,66.01,0.77,0.557,0,9,2505,0
30.97,3,165.39,0.782,0.61,0,2,2333,1
7.73,6,108.85,0.157,0.292,0,9,2071,0
6.99,10,76.96,0.123,0.202,0,1,1034,0
34.68,5,4.01,0.372,0.755,0,4,650,0
44.84,4,72.82,0.413,0.409,0,9,2824,1
111.3,20,7.36,0.575,0.978,0,9,1241,0
24.19,8,103.71,0.61,0.147,0,4,2259,0
49.85,11,98.39,0.782,0.405,0,5,375,1
15.21,23,95.37,0.52,0.541,0,9,2290,1
19.34,0,1.27,0.797,0.593,0,5,1761,0
22.27,11,5.95,0.757,0.941,0,10,51,0
171.52,17,83.75,0.234,0.299,0,10,2784,1
18.55,3,17.88,0.582,0.823,0,2,630,0
34.38,11,50.83,0.403,0.559,0,5,2423,0
29.98,15,59.21,0.417,0.163,0,8,2942,0
148.7,16,5.65,0.213,0.473,0,9,1542,0
14.86,9,1.85,0.153,0.371,0,5,1234,0
60.04,18,24.65,0.937,0.305,0,3,2032,1
39.42,1,24.32,0.573,0.566,0,7,1976,0
64.14,4,31.62,0.461,0.45,0,6,395,0
54.94,7,103.73,0.339,0.046,0,8,1166,0
226.46,18,44.75,0.772,0.309,0,9,378,1
55.1,1,141.9,0.522,0.751,0,1,522,0
125.81,8,69.54,0.245,0.706,0,8,376,0
47.49,1,30.43,0.934,0.34,0,1,2192,0
24.53,3,35.12,0.285,0.183,0,3,1286,0
48.27,10,9.01,0.713,0.298,1,3,1720,0
14.27,7,30.56,0.752,0.385,1,1,1333,0
28.14,13,45.17,0.914,0.019,0,10,2795,1
110.0,4,16.35,0.407,0.084,0,4,613,1
40.24,17,27.05,0.001,0.465,0,5,2704,0
34.31,21,21.52,0.351,0.632,0,9,1182,1
81.31,9,4.23,0.698,0.83,0,5,1799,0
37.92,21,130.85,0.635,0.98,0,5,1037,0
26.32,19,17.92,0.914,0.134,0,10,1981,1
47.85,15,64.68,0.538,0.787,0,2,2236,1
159.91,21,5.93,0.972,0.376,0,7,755,0
15.35,6,26.46,0.222,0.02,0,6,814,1
46.4,22,11.25,0.98,0.967,1,8,2913,0
21.59,20,22.69,0.87,0.569,0,9,823,0
49.48,18,8.69,0.588,0.746,1,10,963,0
57.97,21,1.05,0.97,0.678,0,9,1889,1
26.44,20,2.4,0.939,0.433,0,5,528,0
33.91,1,96.86,0.225,0.278,0,8,1325,1
22.53,18,74.19,0.99,0.226,0,2,1053,1
28.06,20,4.58,0.48,0.808,0,6,1055,0
14.36,1,77.58,0.52,0.237,1,10,2567,1
12.61,3,4.02,0.061,0.033,0,2,552,1
48.63,3,50.93,0.559,0.295,0,2,2558,0
13.85,21,44.02,0.453,0.464,0,10,2566,1
72.15,0,27.24,0.328,0.192,1,10,2951,1
61.77,18,6.06,0.509,0.355,0,10,1851,1
9.91,16,144.56,0.754,0.311,0,3,633,0
45.27,0,32.81,0.658,0.145,0,9,253,1
21.0,6,69.23,0.342,0.668,0,8,2486,0
119.46,10,43.08,0.419,0.162,0,1,2061,0
12.86,7,29.49,0.768,0.815,0,7,870,0
12.03,17,5.51,0.291,0.194,0,6,209,0
19.83,7,97.48,0.719,0.34,0,3,832,1
15.95,3,18.59,0.21,0.456,0,6,2737,1
44.49,19,96.04,0.878,0.065,1,3,806,1
27.55,19,25.26,0.636,0.921,0,10,804,0
25.73,7,2.46,0.796,0.873,0,10,2032,1
11.55,21,42.94,0.167,0.388,0,9,1562,0
33.89,11,33.54,0.483,0.956,0,10,1672,0
122.72,6,11.15,0.203,0.863,0,5,1770,0
183.74,11,13.22,0.085,0.752,0,9,1470,0
9.28,10,24.99,0.468,0.409,0,6,1148,0
19.89,20,3.55,0.901,0.295,0,9,2666,1
23.99,3,3.33,0.038,0.2,0,6,1054,1
156.66,8,9.52,0.604,0.138,0,9,1099,1
7.06,12,131.19,0.822,0.758,1,9,641,0
8.71,6,28.95,0.516,0.786,0,8,1425,0
26.16,22,24.33,0.439,0.853,1,3,2395,0
12.41,15,74.83,0.834,0.34,0,7,2858,0
28.23,1,114.88,0.154,0.953,0,10,2519,0
28.3,12,2.96,0.386,0.475,0,8,2647,0
39.63,22,41.61,0.027,0.199,0,7,1192,1
19.29,14,2.66,0.519,0.172,0,7,1631,1
10.76,15,61.17,0.389,0.904,0,4,1298,0
65.5,19,38.51,0.31,0.203,0,8,1158,1
133.22,12,41.78,0.247,0.329,0,8,1914,0
507.94,11,54.23,0.712,0.297,0,3,1730,1
18.36,5,53.96,0.096,0.699,1,3,1151,0
43.17,2,53.89,0.722,0.217,0,9,526,0
65.15,14,8.11,0.207,0.045,1,8,1591,1
30.5,1,0.49,0.115,0.917,0,8,2015,0
63.68,15,77.27,0.842,0.171,1,2,755,1
39.76,2,50.08,0.011,0.273,0,3,917,0
124.5,14,53.69,0.837,0.812,0,2,1629,0
29.87,1,66.61,0.767,0.929,0,4,849,1
27.28,21,2.94,0.959,0.097,0,3,2995,1
31.89,10,17.53,0.627,0.625,0,7,1782,1
19.13,5,0.68,0.654,0.012,0,4,300,0
15.5,1,3.14,0.219,0.302,0,2,2948,0
89.01,22,6.42,0.175,0.762,0,8,306,0
53.59,12,32.2,0.742,0.503,0,1,982,1
56.32,7,60.26,0.757,0.62,1,6,2072,1
19.33,1,12.24,0.725,0.989,0,6,579,1
87.73,16,70.61,0.415,0.813,0,4,1386,0
155.6,7,42.15,0.381,0.322,0,1,294,0
16.84,20,217.34,0.938,0.126,0,9,867,1
13.63,7,24.83,0.606,0.303,0,4,1143,0
20.89,11,22.86,0.168,0.441,0,7,668,0
11.19,9,40.69,0.153,0.727,0,8,1282,0
23.06,2,18.24,0.715,0.196,0,1,82,0
62.6,12,116.98,0.94,0.97,0,8,1290,0
45.5,1,220.01,0.124,0.932,0,7,1075,0
64.27,22,30.18,0.688,0.696,0,7,1040,1
66.03,22,49.3,0.148,0.605,0,3,1071,0
51.35,5,0.56,0.771,0.644,0,7,2922,0
123.28,6,93.94,0.166,0.427,0,9,2213,0
28.59,13,62.83,0.924,0.869,1,10,1440,0
23.9,23,22.84,0.308,0.987,0,1,426,0
66.86,20,15.31,0.431,0.176,0,3,841,0
36.76,18,75.78,0.186,0.059,0,4,1092,0
96.44,19,5.2,0.636,0.08,1,2,1163,1
33.44,0,2.83,0.752,0.007,0,1,426,1
72.35,16,195.07,0.761,0.932,0,6,2505,0
6.58,10,76.38,0.941,0.665,0,1,1488,0
90.31,4,1.17,0.123,0.531,0,4,1539,0
294.73,16,23.98,0.188,0.986,0,6,98,0
106.45,7,42.0,0.4,0.613,1,7,1980,0
59.37,6,56.01,0.87,0.876,0,9,160,1
68.0,21,252.03,0.987,0.467,0,2,2004,0
22.66,21,54.17,0.105,0.993,1,6,1600,0
21.13,15,136.18,0.671,0.665,0,8,400,0
26.73,18,65.42,0.601,0.644,0,7,2708,0
68.54,7,11.39,0.116,0.088,1,10,800,0
15.1,10,138.63,0.577,0.002,1,9,807,0
102.36,11,71.87,0.934,0.126,0,10,939,1
8.5,9,81.69,0.5,0.456,0,3,2755,0
21.61,22,5.93,0.997,0.707,0,4,2057,0
62.42,22,10.64,0.733,0.81,0,1,763,0
58.74,21,109.56,0.159,0.022,0,7,2806,0
25.45,2,33.77,0.283,0.696,0,9,1642,1
10.66,1,85.31,0.71,0.458,0,3,1839,0
25.63,6,73.42,0.196,0.651,0,10,447,0
115.17,5,117.16,0.096,0.974,0,1,510,0
62.7,4,44.37,0.404,0.034,0,8,1269,0
20.29,21,48.35,0.778,0.865,0,5,2620,0
29.38,2,5.86,0.641,0.908,0,10,2376,0
33.19,3,71.17,0.181,0.484,0,7,1252,0
48.56,15,2.97,0.837,0.539,0,2,879,0
74.26,19,53.47,0.005,0.447,0,1,557,0
46.71,8,85.81,0.035,0.98,0,6,2259,0
19.17,4,38.72,0.695,0.523,0,6,2512,0
22.88,1,12.18,0.188,0.3,0,3,2496,0
44.05,23,43.82,0.074,0.255,0,3,1668,0
11.4,8,241.78,0.697,0.193,0,9,2507,1
72.67,13,21.43,0.964,0.247,0,9,480,0
29.88,2,20.28,0.334,0.273,0,4,1150,1
30.03,3,8.7,0.728,0.307,0,8,421,1
321.06,17,14.23,0.099,0.048,0,7,770,1
41.02,12,29.16,0.128,0.009,0,3,2723,1
18.77,1,112.79,0.639,0.37,0,10,1743,1
87.74,8,137.23,0.521,0.718,0,4,1280,0
15.37,10,83.97,0.635,0.077,0,2,706,0
15.67,15,74.34,0.011,0.948,0,3,1994,0
84.37,17,53.86,0.405,0.616,0,1,2955,0
39.5,23,48.7,0.92,0.999,0,10,203,0
117.78,7,8.65,0.367,0.133,0,1,1761,0
17.53,17,85.6,0.858,0.29,0,5,902,1
50.17,9,119.1,0.959,0.516,0,8,2560,0
33.7,3,0.23,0.89,0.186,0,2,1794,0
10.52,4,23.8,0.913,0.007,0,5,956,1
27.43,5,34.6,0.269,0.989,0,8,692,1
16.55,4,22.58,0.744,0.901,0,4,1993,0
35.46,21,56.38,0.325,0.764,0,9,1622,1
15.94,0,65.63,0.237,0.678,0,10,62,1
20.14,13,12.81,0.152,0.511,0,2,1109,0
4.69,6,28.9,0.783,0.103,0,10,772,1
147.59,4,11.73,0.132,0.038,0,3,1776,1
25.35,22,45.15,0.231,0.336,0,9,1779,0
24.77,8,128.91,0.712,0.247,0,3,197,1
51.67,9,28.74,0.908,0.101,0,8,1519,1
6.61,21,36.11,0.862,0.331,0,6,2442,0
21.43,6,39.5,0.087,0.106,0,10,522,1
64.94,14,116.86,0.075,0.547,0,8,857,0
20.51,13,35.98,0.253,0.877,0,9,1452,0
28.06,13,3.15,0.419,0.931,0,1,713,0
50.87,1,140.36,0.061,0.972,0,7,2057,0
5.17,12,37.2,0.39,0.607,0,1,685,0
41.91,16,27.35,0.708,0.525,0,4,1243,0
40.11,1,34.32,0.292,0.64,0,5,574,0
119.72,7,205.19,0.21,0.116,0,10,1541,1
24.6,19,15.72,0.985,0.626,1,6,928,0
23.76,0,34.69,0.979,0.778,0,2,2989,0
22.26,20,45.27,0.551,0.817,0,5,865,0
224.98,4,26.58,0.73,0.434,1,8,413,1
26.55,5,9.42,0.491,0.729,0,1,1300,0
16.85,19,9.36,0.144,0.426,0,7,440,0
30.26,0,64.87,0.644,0.044,0,2,1126,1
44.18,0,142.25,0.106,0.736,0,2,858,1
71.11,15,7.55,0.056,0.692,0,2,116,0
16.06,16,97.9,0.415,0.001,0,4,1779,0
27.11,21,21.86,0.884,0.823,1,3,481,0
92.46,2,43.03,0.118,0.923,0,1,2506,0
31.3,5,51.19,0.15,0.667,0,5,1456,0
18.79,11,121.56,0.811,0.711,1,1,638,0
19.99,14,57.5,0.786,0.478,1,10,1780,0
25.66,4,9.03,0.385,0.319,0,7,2494,0
10.73,20,114.57,0.383,0.549,0,8,2211,0
23.82,22,24.66,0.578,0.693,0,2,993,0
24.99,4,114.17,0.06,0.349,0,3,1237,0
108.85,13,12.5,0.828,0.056,1,3,1576,0
60.17,1,54.39,0.663,0.074,0,3,153,1
18.3,0,37.89,0.814,0.15,0,3,2190,0
22.27,10,26.41,0.645,0.013,1,1,2661,1
76.5,0,22.72,0.424,0.948,0,5,2373,0
62.16,5,14.27,0.092,0.378,0,4,1670,0
22.15,23,167.81,0.605,0.077,0,8,1312,0
29.27,1,73.18,0.647,0.195,1,2,1515,0
18.31,2,10.72,0.011,0.91,0,4,2644,0
24.2,18,37.44,0.564,0.79,1,6,411,0
12.01,9,143.45,0.5,0.314,0,6,560,0
13.59,23,31.51,0.502,0.775,1,7,1983,0
75.42,4,51.61,0.079,0.626,0,4,913,0
96.81,5,226.04,0.502,0.992,0,9,1428,1
17.14,19,87.19,0.431,0.891,0,7,1009,0
43.55,4,37.66,0.994,0.097,1,5,2271,0
36.49,5,122.35,0.161,0.28,0,2,321,1
62.45,15,172.75,0.763,0.442,0,2,2359,0
27.69,13,87.52,0.917,0.129,0,10,1314,1
62.66,8,94.45,0.991,0.043,0,1,1032,0
40.64,3,15.45,0.158,0.399,1,7,1923,0
24.18,17,103.67,0.465,0.086,0,7,1804,1
25.39,19,29.97,0.702,0.476,0,1,2262,0
32.4,10,37.79,0.988,0.774,1,6,1791,0
21.54,0,137.25,0.684,0.27,0,2,610,1
30.05,22,27.02,0.42,0.214,0,3,250,1
89.13,9,8.09,0.349,0.419,0,3,2883,0
148.45,0,37.04,0.894,0.199,0,10,2555,1
141.95,23,61.11,0.737,0.317,1,8,634,1
10.1,21,23.47,0.521,0.004,0,3,2628,0
28.32,5,41.34,0.216,0.21,0,10,88,1
27.54,9,31.38,0.868,0.699,0,8,1725,0
22.85,16,164.36,0.336,0.926,0,6,754,0
15.3,9,83.92,0.689,0.437,0,10,436,0
60.21,20,0.75,0.932,0.104,0,10,2261,1
30.13,1,49.58,0.852,0.212,0,9,1590,1
12.73,14,23.97,0.82,0.704,0,1,1564,0
37.15,21,13.82,0.838,0.795,0,4,47,0
32.25,4,70.34,0.841,0.519,0,6,1402,1
44.02,17,163.36,0.193,0.644,0,10,1787,1
38.27,3,55.71,0.126,0.118,0,7,2599,0
65.69,10,10.25,0.093,0.437,0,10,656,1
13.54,23,59.62,0.983,0.634,0,3,1011,0
22.13,7,58.31,0.807,0.378,0,1,1156,1
19.28,8,101.25,0.093,0.494,0,4,1630,1
76.31,15,143.98,0.076,0.687,0,6,2625,0
63.34,0,105.28,0.66,0.631,0,2,1434,0
34.44,17,0.23,0.522,0.255,1,10,151,1
40.84,6,90.74,0.115,0.217,0,4,371,0
87.86,15,10.0,0.092,0.708,0,8,2060,0
23.24,22,14.85,0.393,0.584,0,5,708,0
133.21,14,24.8,0.747,0.816,0,10,1598,0
42.79,20,77.0,0.449,0.889,0,5,2433,0
125.72,16,19.54,0.03,0.18,0,3,1495,0
18.9,4,68.04,0.122,0.319,1,6,905,1
42.36,19,10.73,0.217,0.561,0,2,2380,0
22.92,10,75.54,0.198,0.05,0,1,1154,0
18.89,10,40.25,0.236,0.021,1,10,49,0
5.02,12,1.7,0.533,0.528,0,1,314,0
83.29,9,14.45,0.754,0.4,0,6,2052,0
21.92,14,30.6,0.641,0.91,0,10,450,1
15.64,22,57.97,0.226,0.088,0,6,2231,0
7.17,3,2.21,0.304,0.264,0,7,1135,0
161.95,3,6.08,0.862,0.753,0,7,2638,0
11.41,18,29.25,0.49,0.281,0,8,955,1
140.46,11,36.79,0.873,0.659,0,4,2876,1
64.84,3,18.73,0.814,0.762,0,6,1307,0
162.04,3,110.47,0.219,0.364,0,10,2133,1
31.3,13,8.07,0.307,0.87,0,3,1918,0
58.58,14,9.32,0.029,0.662,0,5,514,0
12.59,4,22.76,0.431,0.334,0,6,430,1
3.39,6,15.67,0.403,0.594,0,8,2154,0
77.24,3,11.16,0.053,0.036,0,2,2209,1
12.8,22,23.33,0.393,0.22,0,5,2058,0
69.32,9,55.07,0.288,0.003,0,10,1982,0
190.08,5,17.03,0.069,0.187,0,3,82,0
32.87,8,95.89,0.171,0.76,1,6,1970,0
35.78,3,2.08,0.017,0.68,0,4,2181,0
191.42,3,16.35,0.736,0.453,0,9,1084,1
18.84,11,16.12,0.334,0.518,0,10,2013,1
99.16,0,7.2,0.41,0.22,0,6,2069,1
53.09,13,20.04,0.744,0.194,0,2,1151,0
6.21,16,8.65,0.91,0.349,0,10,1739,0
24.46,18,33.04,0.343,0.612,0,8,2351,0
66.62,0,31.1,0.686,0.466,1,5,2585,0
14.03,2,72.38,0.016,0.041,0,10,535,1
22.26,21,80.84,0.05,0.138,0,9,2755,0
247.81,22,14.2,0.996,0.197,0,2,1221,1
34.45,21,45.61,0.423,0.967,1,5,1267,0
15.73,10,73.42,0.139,0.768,0,7,2300,0
24.42,20,27.82,0.183,0.782,0,2,597,0
64.75,21,56.11,0.468,0.428,0,7,1919,1
276.11,13,4.17,0.141,0.907,0,10,2127,0
213.0,9,2.48,0.845,0.126,0,8,2151,1
144.6,10,40.6,0.822,0.565,0,1,527,0
97.11,1,54.42,0.516,0.562,0,3,945,0
46.57,20,16.76,0.989,0.006,0,4,499,1
38.03,3,28.89,0.833,0.444,1,2,1258,1
109.87,19,51.46,0.859,0.617,0,1,786,0
58.54,16,60.91,0.547,0.476,0,2,2441,0
54.69,22,72.39,0.464,0.813,1,5,1902,1
24.92,1,46.62,0.893,0.62,1,6,600,1
57.39,5,19.92,0.856,0.503,0,9,1629,1
20.92,20,57.16,0.339,0.715,0,5,2726,0
5.78,20,29.75,0.963,0.606,0,9,2728,0
16.45,18,19.25,0.617,0.404,1,3,979,1
31.71,23,71.45,0.105,0.881,0,7,1750,0
15.61,1,84.42,0.073,0.763,0,1,742,0
58.3,20,38.38,0.2,0.252,0,5,953,0
63.9,18,1.1,0.96,0.096,1,3,51,1
27.23,2,18.75,0.682,0.958,0,9,2062,1
36.67,17,86.41,0.802,0.439,0,2,2361,1
65.81,3,31.08,0.051,0.541,1,5,1059,0
7.21,5,155.05,0.075,0.575,0,10,2078,1
53.57,3,39.34,0.937,0.985,0,1,1414,0
16.32,23,18.0,0.757,0.912,1,8,328,0
46.47,1,19.1,0.071,0.416,0,2,2288,0
11.62,7,47.29,0.432,0.303,0,4,117,0
11.82,12,51.55,0.738,0.552,1,7,2878,1
70.23,3,25.93,0.897,0.983,0,4,1435,0
15.81,18,0.45,0.413,0.753,0,9,2356,1
24.86,1,6.1,0.181,0.044,0,4,1227,1
23.69,21,3.6,0.25,0.544,0,6,932,0
23.23,17,15.58,0.654,0.527,0,9,2092,1
25.04,19,29.97,0.078,0.912,0,9,974,0
39.97,23,76.27,0.142,0.978,0,8,497,1
71.67,18,21.82,0.827,0.084,0,10,1602,1
86.46,1,11.44,0.379,0.66,0,5,158,0
29.14,19,63.2,0.336,0.828,0,10,916,0
9.41,13,90.36,0.783,0.929,0,2,2296,0
99.69,17,28.02,0.573,0.568,0,3,1591,0
83.64,21,135.69,0.086,0.25,0,6,2369,0
47.65,21,12.98,0.653,0.772,1,5,2358,0
33.67,0,28.27,0.966,0.48,0,4,1703,1
88.62,19,36.08,0.953,0.44,0,5,1093,0
8.41,4,92.24,0.656,0.233,0,3,2833,0
32.22,17,56.86,0.061,0.715,0,5,96,0
81.95,22,2.06,0.235,0.109,0,2,2123,1
13.4,21,24.2,0.642,0.876,1,6,2516,0
24.37,20,21.13,0.942,0.294,1,6,212,1
10.5,3,42.26,0.808,0.511,0,9,2411,0
102.8,18,1.49,0.726,0.381,0,2,346,0
76.7,3,84.65,0.528,0.051,0,9,2161,1
4.7,9,108.9,0.329,0.799,0,4,1897,0
5.52,13,20.22,0.352,0.506,0,8,2508,0
62.93,4,116.99,0.245,0.909,0,3,2510,0
23.27,2,23.63,0.505,0.148,0,4,766,0
16.87,15,61.12,0.126,0.034,0,3,329,1
91.2,12,53.72,0.241,0.293,0,6,2452,0
76.38,13,15.37,0.477,0.135,0,10,2116,1
151.3,11,50.43,0.454,0.32,0,10,1174,0
15.85,10,2.23,0.518,0.525,0,7,1198,0
26.52,4,1.93,0.945,0.882,0,7,2156,1
82.05,11,15.08,0.119,0.274,0,3,1211,0
15.02,3,116.27,0.666,0.141,0,9,721,1
48.86,0,30.16,0.822,0.37,0,10,1776,0
43.83,9,112.54,0.716,0.919,1,7,2050,1
53.64,11,73.25,0.744,0.222,1,3,2106,1
28.32,21,67.54,0.707,0.315,0,7,441,0
68.62,17,48.7,0.878,0.036,0,1,1037,1
51.63,4,29.82,0.187,0.497,1,2,2144,0
8.79,6,55.7,0.039,0.688,0,10,991,0
34.23,5,94.63,0.841,0.875,0,8,2610,1
24.5,3,11.12,0.963,0.897,0,7,1861,1
47.84,14,140.88,0.661,0.348,0,3,2011,0
138.45,21,12.05,0.291,0.507,0,7,279,0
16.56,13,22.35,0.442,0.399,0,5,2018,0
10.11,9,26.71,0.221,0.876,0,2,2542,0
11.3,23,0.96,0.379,0.78,0,6,2294,1
82.74,22,11.72,0.801,0.911,0,4,2294,0
13.98,15,1.94,0.283,0.024,0,4,168,0
47.49,23,94.16,0.862,0.077,0,7,112,1
123.81,4,4.52,0.588,0.391,0,5,1355,0
60.87,14,10.19,0.264,0.656,0,5,1789,1
28.14,17,31.79,0.382,0.993,0,6,2268,0
31.04,0,22.79,0.232,0.37,0,5,1391,1
45.0,17,8.34,0.865,0.49,0,3,1681,0
31.83,18,64.33,0.059,0.493,0,6,646,1
72.73,0,14.05,0.209,0.562,0,8,1312,0
17.9,15,32.51,0.859,0.993,1,2,1773,0
17.36,5,33.02,0.121,0.197,0,2,189,0
35.92,16,30.05,0.749,0.547,0,5,511,0
62.77,19,99.14,0.564,0.166,0,4,2544,0
22.77,15,27.97,0.936,0.927,0,3,702,0
31.7,2,225.32,0.006,0.701,0,2,2232,0
7.57,19,7.66,0.35,0.559,0,1,819,0
43.7,19,65.55,0.934,0.561,0,4,347,0
17.48,5,13.73,0.102,0.797,0,7,1382,0
134.81,23,92.27,0.668,0.473,0,4,916,1
61.45,5,29.04,0.0,0.078,0,3,2125,0
29.79,9,31.23,0.117,0.56,0,7,2922,0
20.61,16,3.66,0.605,0.214,0,5,2943,1
31.07,22,70.01,0.685,0.558,0,6,759,1
25.36,21,19.11,0.424,0.617,0,4,1596,0
18.28,6,0.25,0.31,0.094,0,5,2089,0
43.0,8,46.18,0.398,0.996,0,5,2591,1
40.79,22,118.13,0.997,0.632,0,8,2682,0
5.38,4,3.89,0.834,0.119,0,1,1317,1
11.53,0,18.2,0.672,0.9,0,3,2433,0
30.03,21,23.23,0.838,0.67,1,9,634,0
12.31,8,42.2,0.689,0.409,0,1,1304,0
26.29,18,81.38,0.086,0.93,1,2,777,0
11.93,0,65.5,0.789,0.218,0,2,2996,0
15.21,6,61.92,0.738,0.31,0,5,759,1
43.03,6,14.33,0.199,0.979,0,8,1113,1
26.26,20,33.31,0.83,0.687,0,10,1609,1
27.87,21,71.59,0.207,0.7,0,5,401,0
21.34,8,1.44,0.115,0.658,0,3,1943,0
27.13,18,104.19,0.322,0.105,0,1,680,0
18.46,3,9.32,0.358,0.163,0,1,1828,0
31.51,13,59.08,0.474,0.244,0,10,1413,1
31.5,7,64.82,0.901,0.507,0,5,2395,0
8.94,9,97.96,0.965,0.943,0,10,601,1
98.78,4,72.76,0.459,0.165,1,3,850,0
26.71,7,87.76,0.437,0.724,1,9,1562,1
41.26,6,109.8,0.668,0.831,0,2,1617,0
56.98,10,102.73,0.82,0.73,0,7,2217,1
34.27,18,1.23,0.886,0.178,0,6,1422,0
31.16,7,6.69,0.188,0.211,0,6,1603,0
31.45,12,50.61,0.481,0.261,0,3,699,0
37.65,2,19.13,0.733,0.656,0,1,688,0
43.68,14,0.52,0.654,0.67,0,1,1270,0
54.56,14,31.38,0.781,0.712,0,6,487,0
21.71,4,0.31,0.948,0.708,0,9,2547,0
34.16,9,1.83,0.868,0.46,1,10,2841,1
26.22,0,35.21,0.179,0.357,1,6,1249,0
45.48,1,34.1,0.396,0.175,0,3,622,0
31.86,14,52.56,0.244,0.826,0,9,2360,0
13.67,4,42.3,0.724,0.812,1,9,352,1
48.7,12,1.02,0.95,0.257,0,2,1805,0
99.27,9,43.02,0.539,0.794,0,1,1562,0
12.74,5,14.59,0.671,0.605,0,5,1146,1
5.16,21,6.25,0.267,0.599,0,6,427,0
12.93,2,42.53,0.728,0.609,0,7,2630,0
41.07,17,0.57,0.341,0.346,0,8,2073,1
88.38,8,23.21,0.661,0.571,1,8,2329,0
38.94,10,27.03,0.467,0.156,0,10,1470,0
21.65,9,36.58,0.491,0.235,0,3,1580,0
41.5,5,65.53,0.984,0.979,0,6,921,1
45.27,11,44.77,0.664,0.687,0,6,2087,0
11.99,15,63.63,0.286,0.925,1,3,1668,0
39.31,14,48.05,0.683,0.098,0,7,1743,1
61.68,4,42.34,0.503,0.081,0,7,123,1
15.7,15,51.89,0.952,0.023,0,7,2291,1
29.3,7,8.67,0.937,0.921,0,5,295,0
16.56,7,51.79,0.444,0.242,0,8,2078,0
9.6,2,0.31,0.032,0.677,0,8,1608,1
31.08,22,34.68,0.716,0.607,0,1,1826,0
58.33,12,79.29,0.725,0.04,0,9,2607,0
32.5,4,84.5,0.758,0.58,0,3,1531,0
63.16,3,18.02,0.694,0.458,0,4,1094,1
55.27,14,54.11,0.568,0.594,0,3,2167,0
19.17,11,56.3,0.307,0.716,0,5,1976,0
49.34,22,6.19,0.607,0.859,0,4,144,0
42.2,0,13.51,0.721,0.745,0,7,1983,0
17.59,4,39.81,0.501,0.523,0,8,2685,1
38.27,12,0.65,0.947,0.342,0,4,644,1
250.59,20,9.87,0.499,0.569,0,1,2176,0
63.63,1,22.87,0.099,0.33,1,9,2220,0
38.85,1,26.63,0.523,0.245,0,3,2855,0
71.92,22,27.4,0.04,0.609,0,2,808,0
16.97,6,11.62,0.586,0.581,0,9,239,1
46.66,3,26.24,0.476,0.1,0,10,2025,1
10.44,3,57.28,0.443,0.643,0,10,1898,0
19.87,8,30.53,0.177,0.507,0,5,1112,0
22.09,17,31.47,0.626,0.111,0,3,2027,1
117.87,15,8.01,0.066,0.432,0,8,1432,0
39.21,3,64.76,0.213,0.502,0,9,1962,1
17.35,18,50.15,0.324,0.192,0,3,676,0
247.58,8,11.69,0.263,0.934,0,6,623,0
253.63,10,26.88,0.425,0.394,0,7,256,0
12.22,14,65.56,0.019,0.704,0,5,1237,0
10.88,12,17.73,0.56,0.199,0,9,1832,0
17.16,10,57.74,0.941,0.593,0,1,2730,0
41.82,1,45.93,0.276,0.369,0,2,1962,1
62.76,23,24.03,0.152,0.15,0,4,2331,1
15.34,21,13.59,0.531,0.291,1,2,2894,0
5.75,14,61.9,0.215,0.321,0,6,1394,1
92.55,19,61.96,0.023,0.119,0,7,2022,0
114.39,18,25.87,0.032,0.504,0,9,2045,0
28.22,2,37.49,0.974,0.781,0,9,389,1
32.09,6,62.73,0.767,0.431,0,8,653,0
22.32,22,60.52,0.949,0.889,0,5,56,0
26.98,7,39.51,0.768,0.532,0,4,2382,0
42.02,4,10.39,0.182,0.026,0,1,551,0
98.08,10,118.69,0.658,0.202,0,5,984,0
19.31,4,94.53,0.944,0.123,0,1,1848,0
70.29,1,26.64,0.399,0.206,0,2,410,0
37.46,16,5.84,0.757,0.12,0,10,1497,0
26.31,2,72.38,0.36,0.255,1,8,96,1
76.54,3,19.71,0.946,0.837,0,5,969,0
6.69,12,93.92,0.016,0.964,0,6,215,0
15.79,4,32.9,0.14,0.47,1,10,889,0
53.17,13,77.99,0.419,0.175,0,3,2768,0
13.74,9,23.26,0.373,0.841,0,1,135,0
12.66,19,57.69,0.17,0.1,0,4,407,0
33.49,17,26.13,0.857,0.809,1,8,1953,0
